id;audit_date;name;code;start_date;serial;department;owner;unit;quantity;price;amount;status;note
1;2024-01-15;synthesizing Bedfordshire;RAM Human;2024-01-15;salmon;scalable;pixel access Berkshire;bifurcated Vincent;59845;73010;78693;Togo Monitored;hacking Rustic
2;2024-01-15;Louisiana mobile;Wooden multi-byte Director;2024-01-15;Buckinghamshire;Florida Oregon;Paraguay;synergies Vermont;63911;8273;81831;cross-platform Rubber synergize;concept
3;2024-01-16;Generic Central Analyst;bluetooth;2024-01-16;Investment Account;Cheese protocol;Cambridgeshire Stravenue;bypass;67941;12663;73114;Soft program;Incredible
4;2024-01-15;Pants Sharable RAM;program complexity Cape;2024-01-15;architectures Plastic;loyalty THX;Pants Computer HTTP;Synergized;2712;94560;84925;Data Kentucky Salad;Tasty
5;2024-01-16;Configuration;Fiji;2024-01-15;Pataca dynamic neural;Chips;Product;content Reactive Manager;72437;55234;64582;Libyan Practical fuchsia;reboot Fresh
6;2024-01-15;parse;extend;2024-01-15;Avon Metical invoice;interactive Mouse;functionalities green invoice;transmitter Developer Music;53919;3486;61708;Architect calculate;TCP
7;2024-01-15;firewall microchip;Frozen;2024-01-15;Colorado Future Coordinator;challenge Tuna;hack Knoll digital;Metal Plastic panel;26400;89897;79347;Investment Director;Movies
8;2024-01-15;quantify;Haven facilitate;2024-01-15;Rubber e-enable;Chicken;Wooden Turnpike;Soap standardization;19832;39444;6760;virtual International;Loan Pizza
9;2024-01-15;Dollar Plastic Liaison;Licensed system-worthy Chips;2024-01-15;Bacon real-time;mobile online Small;Buckinghamshire Industrial;sky;15752;73860;89957;Cheese;generating
10;2024-01-15;Auto;Tools Movies;2024-01-15;Optimization;mindshare Extension;transmit;Senior green dynamic;10869;35662;41596;Fields;best-of-breed generating
